ID;transaction_ID;lineNumber;accountCode;accountName;amount;currencyCode;costCenterCode;costCenterName;projectCode;projectName;eventCode;eventName;docNumber;vatCode;vatRate;counterpartyCode;counterpartyType
d0000001-0001-4000-8000-000000000001;c0000001-0001-4000-8000-000000000001;1;6300;Mietaufwand;3500.00;EUR;CC-100;Verwaltung;;;;;RE-2025-0012;V19;19.00;IMMOBILIEN-AG;VENDOR
d0000001-0001-4000-8000-000000000002;c0000001-0001-4000-8000-000000000001;2;1200;Bank;-3500.00;EUR;CC-100;Verwaltung;;;;;RE-2025-0012;;;;
d0000001-0001-4000-8000-000000000003;c0000001-0001-4000-8000-000000000002;1;6100;Gehaelter;12500.00;EUR;CC-200;Personal;;;;;GH-2025-01;;;;EMP-TEAM;EMPLOYEE
d0000001-0001-4000-8000-000000000004;c0000001-0001-4000-8000-000000000002;2;6110;Sozialabgaben;2625.00;EUR;CC-200;Personal;;;;;GH-2025-01;;;;;
d0000001-0001-4000-8000-000000000005;c0000001-0001-4000-8000-000000000002;3;1200;Bank;-15125.00;EUR;CC-200;Personal;;;;;GH-2025-01;;;;;
d0000001-0001-4000-8000-000000000006;c0000001-0001-4000-8000-000000000003;1;6800;Abschreibungen;416.67;EUR;CC-100;Verwaltung;;;;;AFA-2025-01;;;;;
d0000001-0001-4000-8000-000000000007;c0000001-0001-4000-8000-000000000003;2;0700;Bueroausstattung;-416.67;EUR;CC-100;Verwaltung;;;;;AFA-2025-01;;;;;
d0000001-0001-4000-8000-000000000008;c0000001-0001-4000-8000-000000000004;1;6500;IT-Aufwand;8400.00;EUR;CC-300;IT;;PRJ-BLOCKCHAIN;Blockchain Infrastruktur;;RE-2025-0045;V19;19.00;TECH-GMBH;VENDOR
d0000001-0001-4000-8000-000000000009;c0000001-0001-4000-8000-000000000004;2;1600;Verbindlichkeiten LuL;-8400.00;EUR;CC-300;IT;;PRJ-BLOCKCHAIN;Blockchain Infrastruktur;;RE-2025-0045;;;TECH-GMBH;VENDOR
d0000001-0001-4000-8000-000000000010;c0000001-0001-4000-8000-000000000005;1;1400;Forderungen LuL;25000.00;EUR;CC-400;Consulting;;PRJ-SAP-IMPL;SAP Implementierung;;AR-2025-0018;V19;19.00;KUNDE-AG;CUSTOMER
d0000001-0001-4000-8000-000000000011;c0000001-0001-4000-8000-000000000005;2;4100;Umsatzerloese Beratung;-25000.00;EUR;CC-400;Consulting;;PRJ-SAP-IMPL;SAP Implementierung;;AR-2025-0018;;;KUNDE-AG;CUSTOMER
d0000001-0001-4000-8000-000000000012;c0000001-0001-4000-8000-000000000006;1;1600;Verbindlichkeiten LuL;8400.00;EUR;CC-300;IT;;;;;RE-2025-0045;;;TECH-GMBH;VENDOR
d0000001-0001-4000-8000-000000000013;c0000001-0001-4000-8000-000000000006;2;1200;Bank;-8400.00;EUR;CC-300;IT;;;;;RE-2025-0045;;;TECH-GMBH;VENDOR
d0000001-0001-4000-8000-000000000014;c0000001-0001-4000-8000-000000000007;1;1350;Crypto Assets;1250.00;EUR;CC-500;Treasury;;;;;SR-2025-Q1;;;;;
d0000001-0001-4000-8000-000000000015;c0000001-0001-4000-8000-000000000007;2;4800;Staking Rewards;-1250.00;EUR;CC-500;Treasury;;;;;SR-2025-Q1;;;;;
d0000001-0001-4000-8000-000000000016;c0000001-0001-4000-8000-000000000008;1;1350;Crypto Assets;3200.00;EUR;CC-500;Treasury;;;;;BW-2025-Q1;;;;;
d0000001-0001-4000-8000-000000000017;c0000001-0001-4000-8000-000000000008;2;4850;Unrealisierte Kursgewinne Crypto;-3200.00;EUR;CC-500;Treasury;;;;;BW-2025-Q1;;;;;
